Elevation Worship,Aleluya (En La Tierra),19-07-2019,spotify:album:2XbDHJ6hKGpn3MndpsHfuH,
Elevation Worship,Paradoxology,12-04-2019,spotify:album:0soliYXrqNagA4oO1Jk1Gk,
Elevation Worship,Hallelujah Here Below,28-09-2018,spotify:album:3gFcCl38Vch9JlHDP2WktC,
Elevation Worship,Acoustic Sessions,20-10-2017,spotify:album:7ymcmsRG7L9EqpDXnBYYBD,
Elevation Worship,Lo Harás Otra Vez,18-08-2017,spotify:album:5Fei3OXDpZtPrsjwt6CDYx,
Elevation Worship,There Is a Cloud,17-03-2017,spotify:album:5sbjJuC7SFAkTUCiQ8YbRB,
Elevation Worship,Here As In Heaven,05-02-2016,spotify:album:6KToyzPBIfHNyB5vWEfjrF,
Elevation Worship,Wake Up The Wonder,25-11-2014,spotify:album:4ROzY3I1ROwTDSvl9fVSob,
Elevation Worship,Only King Forever,10-01-2014,spotify:album:6ojPMWx8YMfdd2idb8rM9h,
Elevation Worship,Nothing Is Wasted,15-02-2013,spotify:album:50vKZm0cwX5ZWF37apQCSO,
Elevation Worship,Nothing Is Wasted,15-02-2013,spotify:album:1QRH0pi2eKsE0knpFd0Doq,
Elevation Worship,For The Honor,21-11-2011,spotify:album:7AF8bOSZOINrMfLOhZVydc,
Elevation Worship,Kingdom Come,07-09-2010,spotify:album:1wnfwokJAwNET0FZ4X2KCH,
Elevation Worship,My Testimony (Live),03-04-2020,spotify:album:1EfM91gOuwlAfIyACus2do,
Elevation Worship,The Blessing (Live),20-03-2020,spotify:album:4XEf57ewixATrMNdUecNdE,
Elevation Worship,Graves Into Gardens (Live) (feat. Brandon Lake),13-03-2020,spotify:album:3AYUzOtIQoLrxDZNwaPErh,
Elevation Worship,A La Medianoche - EP,07-02-2020,spotify:album:3bkXqwbY8UfvUrZv3Wqim9,
Elevation Worship,At Midnight - EP,10-01-2020,spotify:album:0aUzWjo4EL7n4kjlX0yTCu,
Elevation Worship,O Come All Ye Faithful - Recorded at Sound Stage Studios Nashville,22-11-2019,spotify:album:60RYE09w9rWq0qg6IT9rha,
Elevation Worship,Never Lost,01-11-2019,spotify:album:0c1ZM1kGleLVz9y6ZeoTUt,
Elevation Worship,See A Victory,09-08-2019,spotify:album:3YKyqEwSPz9mjNb4NucFpq,
Elevation Worship,Echo (Studio Version) (feat. Tauren Wells),26-07-2019,spotify:album:55ySxOt8Du30zIeK4jKIa5,
Elevation Worship,With You (Paradoxology),05-04-2019,spotify:album:61AlyhM5Wq0H0CcnhqEzzk,
Elevation Worship,Eco (Echo),01-02-2019,spotify:album:74KuPdGQFBqkGByMmIgCs6,
Elevation Worship,Encuéntrame Otra Vez (Here Again),01-02-2019,spotify:album:47bDlzZt1dpN1gladBQiYF,
Elevation Worship,Resurrecting - EP,21-09-2018,spotify:album:0Pw8f54MEx8sIYpMYrIQSn,
Elevation Worship,Hallelujah Here Below,14-09-2018,spotify:album:13EeOfGQR654aT06zwMyce,
Elevation Worship,Echo (feat. Tauren Wells),31-08-2018,spotify:album:0ZwlqEpjQzCj3hkv5D40wZ,
Elevation Worship,Here Again,17-08-2018,spotify:album:79r93rws2Ej7FvWb8vnlZZ,
Elevation Worship,Won't Stop Now,03-08-2018,spotify:album:7w3ADZzb4iWy7zlMYuUyw2,
Elevation Worship,Do It Again - EP,23-02-2018,spotify:album:6EXWsOIhMYWY2kGHbhmERE,
Elevation Worship,O Come to the Altar - EP,06-10-2017,spotify:album:5nYwT2GxPwn06IkPk3p99f,
Elevation Worship,Speak Revival,09-09-2016,spotify:album:4WysoMeub5mYFEkmCEuM3V,
Elevation Worship,Unstoppable God (Radio Mix),18-12-2015,spotify:album:4aeVuoLIYcUIbJRIOH7UAi,
Elevation Worship,Raised to Life,31-03-2014,spotify:album:2YHfI6VhuGzyHre59GZRDq,
Elevation Worship,Angels We Have Heard On High,02-12-2011,spotify:album:72WH5Hyer6yBVcYiR1AITg,
Elevation Worship,Kingdom Come (Single),03-08-2010,spotify:album:1ciIKfnd5u4HjtvaldbfsH,
Various Artists,Worship From Home,18-04-2020,spotify:album:42I0IcTWPI2c3oSZxLsnyE,
Various Artists,10000 Reasons,03-04-2020,spotify:album:5HnyYNfQO9NBIy3y3lQxTs,
Various Artists,Worship from Home,03-04-2020,spotify:album:2xmJ1YynZGMvAGmq2r7Um6,
Various Artists,The Blessing,27-03-2020,spotify:album:72WTkKIpDBAStgZNzyHue4,
Miel San Marcos,Impresionante,11-03-2020,spotify:album:1sATIq5oVhLxAsV2wW7Xo2,
The Sound,Only King Forever (Joaquin Bynum Mix) (with J. Monty & Elevation Worship),27-07-2018,spotify:album:4AGXEAR6wHLgGW0rlwNE9f,
Cole & Sav,Jesus Jams,22-12-2017,spotify:album:65h9zI0AiFOsWbCdnMkA9D,
Various Artists,Mighty - EP,30-06-2017,spotify:album:1i9OBqkF795LFgaxkrQUIt,
Essential Worship,Heroes - EP,26-05-2017,spotify:album:2sAeufGnjOA3jJmZxGLglt,
Various Artists,Fierce - EP,28-04-2017,spotify:album:4gGwD3bGE6ZrZUWljSwMxi,
Various Artists,He Shall Reign Forevermore - EP,02-12-2016,spotify:album:2DBvU36GEaQu7ajwIcNtFd,
Various Artists,WOW Worship (Lime),07-03-2014,spotify:album:1JiOy8KKGylTj2xBV7l2I4,
Various Artists,WOW Worship (Lime) [Deluxe Edition],07-03-2014,spotify:album:5T9u76HyPcrVQsQlgqgTnw,
Bethel Music,Peace,10-04-2020,spotify:album:5ooqN8wLOZ4zAYo23v3GfA,
Bethel Music,Without Words: Genesis,15-11-2019,spotify:album:0CLCgSt8wDFmoDpLLN09X2,
Bethel Music,Bethel Music en Español,15-02-2019,spotify:album:1VCnNZHwArLVhTZZrqYlk1,
Bethel Music,Victory,25-01-2019,spotify:album:6EsmModhcfmKIeCeNQjeDY,
Bethel Music,Moments: Mighty Sound,11-05-2018,spotify:album:5IGjIGu16MS3cu4CxLsXn3,
Bethel Music,After All These Years (Instrumental),14-07-2017,spotify:album:3oeoGMDFnsw8FCnQuIghpx,
Bethel Music,Starlight (Live),07-04-2017,spotify:album:1m7Bc6eGK8BgjTpwprlhUh,
Bethel Music,Have It All (Live),11-03-2016,spotify:album:1Jwe1Xa8cuTizhE5EGozP2,
Bethel Music,Without Words: Synesthesia,31-07-2015,spotify:album:0RGI3UG8SabiVYyEJqGYSj,
Bethel Music,We Will Not Be Shaken (Live),26-01-2015,spotify:album:2e3CuXNmlLd5d8OoI2naop,
Bethel Music,You Make Me Brave (Live),21-04-2014,spotify:album:6wuUosaTZizPH4t085tNVg,
Bethel Music,Tides Live,25-02-2014,spotify:album:5UoZvSgWgMxUd3eLzwIkF6,
Bethel Music,Discover Bethel Music,17-12-2013,spotify:album:0fonUNUchRa1Ip1UJtzfrs,
Bethel Music,Tides,03-09-2013,spotify:album:5QrcGc5mBfDV5YaOMfJX7A,
Bethel Music,Without Words,05-03-2013,spotify:album:04U6AESyUgVBkM1WSj47hD,
Bethel Music,For the Sake of the World,02-10-2012,spotify:album:2gyDM9gRebuTUn1VWS2obn,
Bethel Music,The Loft Sessions,24-01-2012,spotify:album:4j0qiJw946YRhJ9UpNcqaA,
Bethel Music,Here Is Love,26-07-2011,spotify:album:7jfa2AeQlA2dgktCmnldyE,
Bethel Music,Be Lifted High,22-03-2011,spotify:album:6FXvhxVzGXmkZwBdwEYvMx,
Bethel Music,Here Is Love,12-10-2010,spotify:album:47gXVhSwswMnMr7ExQyuoR,
Cory Asbury,Egypt (Live),03-04-2020,spotify:album:055XAfi273yeX9Ba44usnf,
Brandon Lake,We Praise You (Live),06-03-2020,spotify:album:0mW82iAfnMFuA3CvcPBWpE,
Jenn Johnson,God of Revival (Live),07-02-2020,spotify:album:7JBam3GFfmmRhIxOSeUGAG,
kalley,Alabaster Heart (Live),04-10-2019,spotify:album:5kMHXaEbgek2K2KXUg8c4Y,
Melissa Helser,Raise a Hallelujah (Studio Version),08-03-2019,spotify:album:2lvpEuRkSNanccXya3JLG7,
Bethany Wohrle,Mi Esperanza Está en Jesús (Live),01-02-2019,spotify:album:0vcJXwCCranZjRyqJV21gI,
kalley,Por Siempre (Live),01-02-2019,spotify:album:2yIPFIYN8bj7nl8oeH0JE7,
Bethel Music,Promesas No Fallarán (Live),01-02-2019,spotify:album:3sGLNqf5Kioy1eQWTp8e0v,
Molly Skaggs,Ain't No Grave (Live),04-01-2019,spotify:album:5WpjLZoNLdPRgmjNaCPEFI,
Jenn Johnson,Goodness of God (Live),04-01-2019,spotify:album:1PNC5l479ru4oXhPBl9ChB,
Melissa Helser,Raise a Hallelujah (Live),04-01-2019,spotify:album:3Ne65SAGAPWEq5SweEi5bx,
Bethany Wohrle,Victory Is Yours (Live),04-01-2019,spotify:album:0E5A70QjcroUQQvzdIFLqL,
Josh Baldwin,Stand In Your Love (Radio Version),06-08-2018,spotify:album:1ZID8iDyFaevr7kBna3Y9d,
Bethany Wohrle,Living Hope,22-06-2018,spotify:album:2rKiADhVznDGC1oRjeczDr,
Bethel Music,Take Courage (Radio Version) [feat. Kristene DiMarco],08-05-2017,spotify:album:5ia32UCbUohoLUQtDz1WTZ,
Brian Johnson,Have It All (Studio Version),06-05-2016,spotify:album:5mv75enwMvLcgX9vfvb9H1,
Brian Johnson,Have It All (Live),16-02-2016,spotify:album:3XU1OmIoTzFPHx5CM2isGo,
Bethel Music,No Longer Slaves (Radio Version) [feat. Jonathan David Helser & Melissa Helser],21-08-2015,spotify:album:3R0kFFdsc82KAmQlH1WqG0,
Kristene Dimarco,It Is Well (Radio Mix),31-03-2015,spotify:album:1FXlbsMBEckWCsDnTDnsP8,
Amanda Lindsey Cook,You Make Me Brave (Studio Version),17-06-2014,spotify:album:1LUGhKJ66F0OHtEoI5FC6w,
Amanda Lindsey Cook,You Make Me Brave (Live),22-04-2014,spotify:album:00nTZmVrarWu4wbR1YABXw,
Bethel Music,Tides: The Spotify EP,03-09-2013,spotify:album:51tDIxdvRnjOxK2E1zrwAw,
Bethel Music,Tides: The Streaming EP,03-09-2013,spotify:album:1qgI3Ciavz0548urT2VXXu,
Evolution/CaminoAlCielo,Por Siempre,18-09-2017,spotify:album:3DU0AclMwJsnNaBEICAFjd,
Various Artists,The Best Praise & Worship Album In The World...Ever!,27-04-2014,spotify:album:2EJRV8ihLuUEkD3IcfEBxa,
Hillsong UNITED,People (Live),28-06-2019,spotify:album:3bMPLTN3fYcLAO2DJwPoBK,
Hillsong UNITED,Wonder,09-06-2017,spotify:album:1jEMFRIpdPdNnIuKIBlf8O,
Hillsong UNITED,Of Dirt And Grace (Live From The Land),15-07-2016,spotify:album:6GM646FRGtpTyYIYEAd3YZ,
Hillsong UNITED,Empires,26-05-2015,spotify:album:7wikPsBQQbAKQ0clBeJtKl,
Hillsong UNITED,The White Album [Remix Project],04-03-2014,spotify:album:3mpGFlg6nbrJPMzwDWUFUU,
Hillsong UNITED,Zion,23-02-2013,spotify:album:7LHFVlsndw7HxDGJPWJS7S,
Hillsong UNITED,Live In Miami,14-02-2012,spotify:album:5lv8ALk4O8sxL8LXqsdtYo,
Hillsong UNITED,Aftermath,15-02-2011,spotify:album:04UMGsQtO2AzRGTtMkKFuL,
Hillsong UNITED,Tear Down The Walls,09-05-2009,spotify:album:1EgUtnZGL7tHuBnHdsaTNs,
Hillsong UNITED,With Hearts As One,08-03-2008,spotify:album:6WlSs4X50VuNITkZi3Th2u,
Hillsong UNITED,All Of The Above,01-05-2007,spotify:album:0r8RFSOF2nISZu6T4m2S1W,
Hillsong UNITED,United We Stand,13-03-2006,spotify:album:0J3fEKR9dV0gxr1ezjY122,
Hillsong UNITED,Look To You,01-03-2005,spotify:album:7yYbv2cZimnD2FrxKBFWyi,
Hillsong UNITED,More Than Life,01-02-2004,spotify:album:4RCsQoeicT1aUuqq4yMPFH,
Hillsong UNITED,To The Ends Of The Earth,01-10-2002,spotify:album:5K27K2bAwG8RTPqaiv0bGi,
Hillsong UNITED,King Of Majesty,01-11-2001,spotify:album:2uCJzQC2HsjOWZkRkAmOb3,
Hillsong UNITED,Best Friend,01-10-2000,spotify:album:4PF7UFwdU1RQXchThNuKFC,
Hillsong UNITED,Everyday,01-02-1999,spotify:album:3MBtHiUsLtewgWkVn6a4gI,
Hillsong en Español,People - En Español,08-11-2019,spotify:album:3UoN9QrWC7Kbvs0QMuNAXa,
Hillsong UNITED,Not Today,28-09-2018,spotify:album:2pEDG48dC2lFRSwhei5pyS,
Hillsong UNITED,So Will I (100 Billion X),23-03-2018,spotify:album:0z45FXczlZ1JzLwdKDutCq,
Hillsong UNITED,Heaven Knows,10-02-2017,spotify:album:1Q158aQUdglH8QXQILvMiX,
Hillsong UNITED,Prince of Peace,01-07-2016,spotify:album:7qyy7ZuzKfN4Sjyly5xhRe,
Hillsong UNITED,Prince Of Peace,21-04-2015,spotify:album:0yQPDrjgWrG578L7BM5nCl,
Hillsong UNITED,Oceans EP,10-10-2013,spotify:album:6khYbm8MKMCiVHA8CxUXOu,
Various Artists,Don't Lose Hope,13-03-2020,spotify:album:4s37s6yldroArNUIvCd0Yz,
Passion,Roar (Live From Passion 2020),06-03-2020,spotify:album:3TlEGcbneZP4tE2V0dn1em,
Tha Sikk 1ne,Moxie Music,28-01-2020,spotify:album:3Y4WaSWZ9BDNKznlo1dOzc,
Various Artists,Christian Dance Music Vol. 1,02-06-2017,spotify:album:6YjhGqZ7POuwAOPTJSP2AY,
Stu Garrard,Beatitudes,21-04-2017,spotify:album:2YfGHMZyMIeLcs7s2Uv4Wu,
Scratch Master Jesus,Welcome to the House of God,21-04-2017,spotify:album:3iX6xWPe3BOFNqCBJEaYVK,
Various Artists,The Shack: Music From and Inspired By the Original Motion Picture,24-02-2017,spotify:album:40JDNqFUzKmBSMEfDHPztO,
Passion,Worthy Of Your Name (Live),17-02-2017,spotify:album:3rUt1I70rJMfDWpbLwi7sK,
Various Artists,20 #1's Christian,16-06-2015,spotify:album:0mKEgqqOwtd72fInNO2UwN,
Crossroads Performance Tracks,Oceans (Where Feet May Fall) [Made Popular by Hillsong United] (Performance Track),19-05-2015,spotify:album:4xdnmZiYOcTaxUI4QXRKdJ,
Various Artists,From The Inside Out,01-01-2013,spotify:album:4Qh36hO0wLKfONIcG94C9M,
Various Artists,Lead Me To The Cross,01-01-2013,spotify:album:74w2qcqdhAVRVw5WUv1gI2,
Various Artists,Worship For Your Family (Yellow),01-01-2013,spotify:album:7FVmb7lT2S4FIT30LkAorA,
Various Artists,How Great Thou Art: Timeless Hymns - Modern Voices,01-01-2012,spotify:album:06AwUQuzlkhLNdzSGuvS5l,
Various Artists,Top 25 En La Tierra Se Canta Edicion 2012,01-01-2012,spotify:album:0irrmPstV0wcuP0AW02MPu,
Various Artists,From The Inside Out,01-01-2011,spotify:album:4ivKc1Y5XCbbFlXavY2MgC,
Various Artists,Jesus Calling: Songs Inspired By,01-01-2011,spotify:album:3k8g0FLxEkZHf1t8ArNIyw,
Various Artists,Seasons Of Reflection,01-01-2011,spotify:album:26ZuD9vPMJLuE8fYYycGmR,
Various Artists,Turn On The Lights,01-01-2011,spotify:album:6tSwtF8HQ8QRR7gFvJF8Fx,
Various Artists,At the Foot of the Cross,17-12-2010,spotify:album:30Cvlq9h1db2AFTJYqlT9k,
Various Artists,Healer,17-12-2010,spotify:album:28gnUNngflYeAdWTcz3kTV,
Soul Survivor,Be My Everything: Best of Soul Survivor Live (2005-2009),18-07-2010,spotify:album:2oJspip2gqyWx7D5NT8ZMk,
Passion,Passion: Awakening (Live),02-07-2010,spotify:album:25X9HG76BAVymDRQGSmUtL,
Various Artists,Songs 4 Worship 50,12-06-2010,spotify:album:2CQqM4tFQslr9ISeNEsPgn,
Passion,Passion: Awakening (Live),05-03-2010,spotify:album:79Mqp9oHYgCsGx9n5k7U54,
Jesus Culture,Living With A Fire (Live),31-08-2018,spotify:album:0K4TZjqRa9XgexXHvWTwlp,
Jesus Culture,Love Has A Name (Deluxe/Live),11-08-2017,spotify:album:5acKLBGuSEu7LkrXdG41PA,
Jesus Culture,Love Has A Name (Live),11-08-2017,spotify:album:4FP6Zov11NPCJOu52yVdOk,
Jesus Culture,Jesus Culture Em Português,04-11-2016,spotify:album:5zBlqGpTjnDpA8M4KC1QxP,
Jesus Culture,Let It Echo Unplugged (Live),17-06-2016,spotify:album:3lnzD1SgAuU4OaWeXrSbSf,
Jesus Culture,Let It Echo (Live),15-01-2016,spotify:album:6UUG6SxdjbHC8ALwmKS1HO,
Jesus Culture,Esto Es Jesus Culture,28-04-2015,spotify:album:2RNvr92S3rufXeAYnHr8qY,
Jesus Culture,This Is Jesus Culture (Live),07-04-2015,spotify:album:2i50gSLJe9ehuabaBwxd0R,
Jesus Culture,Unstoppable Love (Live),03-06-2014,spotify:album:67aSDWRmCuc3Kwh5JNg5CC,
Jesus Culture,Jesus Culture Reconstructed (Vol. 1),11-03-2014,spotify:album:6qKpQXAITper1Bz0GhbA0O,
Jesus Culture,Live From New York,20-11-2012,spotify:album:6td3dp0Q2whXxXpvG8vXvP,
Jesus Culture,Awakening - Live From Chicago,29-11-2011,spotify:album:3Qpvw6jAhDlTvM90o4pbft,
Jesus Culture,Come Away (Live),23-11-2010,spotify:album:2L4TJGv4npQYBHpiU7tHMI,
Jesus Culture,Consumed (Live),01-01-2009,spotify:album:7H8FDSPJjNvzO7ZCTyxKpo,
Jesus Culture,Your Love Never Fails (Live),01-01-2008,spotify:album:6ZIRYHVOcXLm1NFGFgKeBU,
Jesus Culture,We Cry Out (Live),01-01-2007,spotify:album:2oX39zQNTTWA4zxVMuebh1,
Jesus Culture,Everything (Live),01-01-2006,spotify:album:6larWt8LXJSQbbNXJ1ccJ2,
Bryan & Katie Torwalt,Gold (Live),27-03-2020,spotify:album:5lV5gYbkW9MTdw3zvTgMTP,
Jesus Culture,More Than Enough / Still In Control (Live),14-02-2020,spotify:album:1ue3FXYsAQEzWFpUwc3SyL,
Jesus Culture,Freedom (Radio Version),18-01-2019,spotify:album:4yBESdpyQfcEO0yYj5tUNB,
Jesus Culture,Anointing (Live),22-08-2018,spotify:album:44SHVgh6Uq8CHpF09NzwxU,
Jesus Culture,Move (Live),15-08-2018,spotify:album:6y9qcN6kd5pRN5oLCUo0zl,
Jesus Culture,Not Afraid (Live),01-08-2018,spotify:album:1cvFtbARV7wJj5eg1sJsmp,
Jesus Culture,Living With A Fire (Live),13-07-2018,spotify:album:7minqXEwYuzhDTQc2pqSk8,
Jesus Culture,Love Has A Name (Studio Version),06-10-2017,spotify:album:0b527EhU07LSel3Dwc9oMQ,
Jesus Culture,Alive In You (Studio Version),14-10-2016,spotify:album:6VEoSGKqDqAPkhu5ctXxHH,
Jesus Culture,Miracles (Studio Version),05-08-2016,spotify:album:69QFZTaRSOvyEsVREdUxaa,
Jesus Culture,God With Us (Live),19-02-2016,spotify:album:6ssR1W4BD5f5ECGi6Z0EWa,
Jesus Culture,Fierce (Studio Version),29-01-2016,spotify:album:5KLi1WXy0wZdtGYVkujZkW,
Jesus Culture,Fierce (Live),08-01-2016,spotify:album:70aeyEVZCXEkU9P8XqQTWI,
Jesus Culture,In The River (Live),18-12-2015,spotify:album:6f6llPnrkdeAuua3UdhPAA,
Various Artists,Worship From Home,18-04-2020,spotify:album:42I0IcTWPI2c3oSZxLsnyE,
Various Artists,10,000 Reasons,03-04-2020,spotify:album:5HnyYNfQO9NBIy3y3lQxTs
Various Artists,Songs of Hope,03-04-2020,spotify:album:43fm5EpjXSwTv8FXvn63CH,
Various Artists,Anxiety Relief,27-03-2020,spotify:album:6eqDKynffnnVQkoj8qiajx,
Various Artists,The Blessing,27-03-2020,spotify:album:72WTkKIpDBAStgZNzyHue4,
Various Artists,Spirit Lead Me,20-03-2020,spotify:album:0JhJeW1eDw1hHqTEXeOQwH,
Various Artists,Songs For Easter,13-03-2020,spotify:album:0N6JS4dkI5bPT78i22lUif,
Various Artists,Way Maker,17-01-2020,spotify:album:1BGAoVEW2N7lhjsC2Vtmrc,
Various Artists,Build My Life,25-10-2019,spotify:album:1CM8CevA3ldCvtCOc0vyD0,
Various Artists,Christian Girl Autumn,30-08-2019,spotify:album:7gMcjVUft3LcYGAnvMFHrC,
Various Artists,Top 50 Christian Songs,16-08-2019,spotify:album:3jm7EX4HZBEeJ4OJgmszI5,
Various Artists,Top Christian,02-11-2018,spotify:album:3qyMWZM8x3HVGe03fMutbJ,
Various Artists,Top Worship,02-11-2018,spotify:album:74IMc4uuh1bcj8dKZgoOF9,
Various Artists,Your Reckless Love,30-03-2018,spotify:album:1PIMj4LAbVR878111JNcqG,
Various Artists,He Is Risen – Songs For Easter,16-03-2018,spotify:album:25bkJCNaIIeo6XRyG8iFYx,
Various Artists,Purobeach Volumen Dos The Global Adventure,11-07-2016,spotify:album:01LOrEu1Ml43mfTvZUS2hv,
Various Artists,Purobeach Volumen Dos The Global Adventure,11-07-2016,spotify:album:3p0lG4zoUilMAwVOh6MB0M,
Various Artists,Revelation Songs,04-06-2013,spotify:album:3urn2A7vPHiE4qZFOIQUU9,
Various Artists,Father of Lights: Music Inspired by the Film,15-10-2012,spotify:album:6KLcERSG38gOAvJew8d0mh,
